side,trade_id,regime,entry_signal,entry_time,exit_time,time_in_trade_min,strike,expiry,entry_spot,entry_direction_score,entry_bias,exit_reason,trade_pnl,exit_spot,exit_direction_score,exit_bias,peak_pnl,drawdown_from_peak,cooldown_applied_min,diagnostic_context
BUY,20260330_125907,SELL_PE,SELL_PE,2026-03-30 12:59:07,2026-03-30 13:03:05,4,22500,2026-03-30,22501.7,0.5875,39.1,REGIME_CHANGE SELL_PE->SELL_CE,-377.5,22488.0,0.8293,-58.3,40.0,417.5,10,entry_d=0.588;exit_d=0.829;entry_bias=39.10;exit_bias=-58.30
SELL,20260330_125907,SELL_PE,SELL_PE,2026-03-30 12:59:07,2026-03-30 13:03:05,4,22500,2026-03-30,22501.7,0.5875,39.1,REGIME_CHANGE SELL_PE->SELL_CE,-337.5,22488.0,0.8293,-58.3,107.5,445.0,10,entry_d=0.588;exit_d=0.829;entry_bias=39.10;exit_bias=-58.30
BUY,20260330_132505,SELL_CE,SELL_CE,2026-03-30 13:25:05,2026-03-30 13:29:05,4,22500,2026-03-30,22485.9,0.4753,-22.6,TRAIL_PROFIT 450.00,325.0,22477.95,0.2925,-12.9,775.0,450.0,5,entry_d=0.475;exit_d=0.293;entry_bias=-22.60;exit_bias=-12.90
SELL,20260330_132505,SELL_CE,SELL_CE,2026-03-30 13:25:05,2026-03-30 13:29:05,4,22500,2026-03-30,22485.9,0.4753,-22.6,TREND_WEAK d=0.29,350.0,22477.95,0.2925,-12.9,572.5,222.5,5,entry_d=0.475;exit_d=0.293;entry_bias=-22.60;exit_bias=-12.90
BUY,20260330_142305,SELL_CE,SELL_CE,2026-03-30 14:23:05,2026-03-30 14:32:05,9,22400,2026-03-30,22396.3,0.4017,-32.7,BREAKEVEN_LOCK -302.50,-302.5,22398.8,0.8354,-59.9,282.5,585.0,10,entry_d=0.402;exit_d=0.835;entry_bias=-32.70;exit_bias=-59.90
SELL,20260330_142305,SELL_CE,SELL_CE,2026-03-30 14:23:05,2026-03-30 14:32:05,9,22400,2026-03-30,22396.3,0.4017,-32.7,BREAKEVEN_LOCK -120.00,-120.0,22398.8,0.8354,-59.9,295.0,415.0,10,entry_d=0.402;exit_d=0.835;entry_bias=-32.70;exit_bias=-59.90
BUY,20260330_145605,SELL_CE,SELL_CE,2026-03-30 14:56:05,2026-03-30 14:59:05,3,22350,2026-03-30,22354.2,0.4411,-39.1,TREND_WEAK d=0.12,12.5,22351.1,0.1238,-10.3,157.5,145.0,5,entry_d=0.441;exit_d=0.124;entry_bias=-39.10;exit_bias=-10.30
SELL,20260330_145605,SELL_CE,SELL_CE,2026-03-30 14:56:05,2026-03-30 14:59:05,3,22350,2026-03-30,22354.2,0.4411,-39.1,TREND_WEAK d=0.12,202.5,22351.1,0.1238,-10.3,212.5,10.0,5,entry_d=0.441;exit_d=0.124;entry_bias=-39.10;exit_bias=-10.30
BUY,20260401_094512,SELL_CE,SELL_CE,2026-04-01 09:45:12,2026-04-01 09:49:05,4,22850,2026-04-28,22854.25,0.5274,-43.35,HARD_STOP -665.00,-665.0,22881.4,0.2295,-18.6,0,665.0,10,entry_d=0.527;exit_d=0.229;entry_bias=-43.35;exit_bias=-18.60
SELL,20260401_094512,SELL_CE,SELL_CE,2026-04-01 09:45:12,2026-04-01 09:49:05,4,22850,2026-04-28,22854.25,0.5274,-43.35,TREND_WEAK d=0.23,-317.5,22881.4,0.2295,-18.6,0,317.5,10,entry_d=0.527;exit_d=0.229;entry_bias=-43.35;exit_bias=-18.60
BUY,20260401_101506,SELL_CE,SELL_CE,2026-04-01 10:15:06,2026-04-01 10:21:05,6,22850,2026-04-28,22869.95,0.5445,-33.05,TREND_WEAK d=0.16,-165.0,22878.15,0.1557,-8.65,117.5,282.5,10,entry_d=0.544;exit_d=0.156;entry_bias=-33.05;exit_bias=-8.65
SELL,20260401_101506,SELL_CE,SELL_CE,2026-04-01 10:15:06,2026-04-01 10:21:05,6,22850,2026-04-28,22869.95,0.5445,-33.05,TREND_WEAK d=0.16,-380.0,22878.15,0.1557,-8.65,7.5,387.5,10,entry_d=0.544;exit_d=0.156;entry_bias=-33.05;exit_bias=-8.65
BUY,20260401_105806,SELL_CE,SELL_CE,2026-04-01 10:58:06,2026-04-01 11:07:07,9,22800,2026-04-28,22775.2,0.4361,-24.9,TRAIL_PROFIT 480.00,387.5,22757.55,0.6563,-36.75,867.5,480.0,5,entry_d=0.436;exit_d=0.656;entry_bias=-24.90;exit_bias=-36.75
SELL,20260401_105806,SELL_CE,SELL_CE,2026-04-01 10:58:06,2026-04-01 11:07:07,9,22800,2026-04-28,22775.2,0.4361,-24.9,TRAIL_PROFIT 417.50,512.5,22757.55,0.6563,-36.75,930.0,417.5,5,entry_d=0.436;exit_d=0.656;entry_bias=-24.90;exit_bias=-36.75
SELL,20260401_112605,SELL_PE,SELL_PE,2026-04-01 11:26:05,2026-04-01 11:30:06,4,22800,2026-04-28,22783.65,0.5994,28.05,BREAKEVEN_LOCK 17.50,17.5,22789.9,1.0848,49.9,265.0,247.5,5,entry_d=0.599;exit_d=1.085;entry_bias=28.05;exit_bias=49.90
BUY,20260401_112606,SELL_PE,SELL_PE,2026-04-01 11:26:05,2026-04-01 11:33:05,7,22800,2026-04-28,22783.65,0.5994,28.05,TRAIL_PROFIT 277.50,452.5,22794.55,0.1971,9.6,730.0,277.5,5,entry_d=0.599;exit_d=0.197;entry_bias=28.05;exit_bias=9.60
SELL,20260401_113805,SELL_PE,SELL_PE,2026-04-01 11:38:05,2026-04-01 11:43:05,5,22800,2026-04-28,22801.25,0.8671,42.4,TRAIL_PROFIT 352.50,162.5,22803.35,0.8702,46.25,515.0,352.5,5,entry_d=0.867;exit_d=0.870;entry_bias=42.40;exit_bias=46.25
BUY,20260401_115007,SELL_CE,SELL_CE,2026-04-01 11:50:07,2026-04-01 11:58:05,8,22750,2026-04-28,22751.8,0.4984,-30.7,BREAKEVEN_LOCK -212.50,-212.5,22769.25,0.3757,-26.6,407.5,620.0,10,entry_d=0.498;exit_d=0.376;entry_bias=-30.70;exit_bias=-26.60
SELL,20260401_115007,SELL_CE,SELL_CE,2026-04-01 11:50:07,2026-04-01 11:59:07,9,22750,2026-04-28,22751.8,0.4984,-30.7,HARD_STOP -677.50,-677.5,22774.15,0.3278,-23.75,157.5,835.0,10,entry_d=0.498;exit_d=0.328;entry_bias=-30.70;exit_bias=-23.75
BUY,20260401_123705,SELL_CE,SELL_CE,2026-04-01 12:37:05,2026-04-01 12:40:06,3,22800,2026-04-28,22824.2,0.4268,-30.6,TREND_WEAK d=0.05,-550.0,22846.7,0.0482,-3.4,0,550.0,10,entry_d=0.427;exit_d=0.048;entry_bias=-30.60;exit_bias=-3.40
SELL,20260401_123705,SELL_CE,SELL_CE,2026-04-01 12:37:05,2026-04-01 12:40:06,3,22800,2026-04-28,22824.2,0.4268,-30.6,TREND_WEAK d=0.05,-432.5,22846.7,0.0482,-3.4,0,432.5,10,entry_d=0.427;exit_d=0.048;entry_bias=-30.60;exit_bias=-3.40
BUY,20260401_131305,SELL_CE,SELL_CE,2026-04-01 13:13:05,2026-04-01 13:15:05,2,22850,2026-04-28,22846.15,0.6018,-34.3,HARD_STOP -652.50,-652.5,22886.65,0.2124,13.0,0,652.5,10,entry_d=0.602;exit_d=0.212;entry_bias=-34.30;exit_bias=13.00
SELL,20260401_131305,SELL_CE,SELL_CE,2026-04-01 13:13:05,2026-04-01 13:16:05,3,22850,2026-04-28,22846.15,0.6018,-34.3,HARD_STOP -750.00,-750.0,22882.65,0.2777,17.05,0,750.0,10,entry_d=0.602;exit_d=0.278;entry_bias=-34.30;exit_bias=17.05
BUY,20260401_140705,SELL_PE,SELL_PE,2026-04-01 14:07:05,2026-04-01 14:17:05,10,22700,2026-04-28,22724.25,0.7008,47.9,BREAKEVEN_LOCK -120.00,-120.0,22726.1,0.4448,25.0,405.0,525.0,10,entry_d=0.701;exit_d=0.445;entry_bias=47.90;exit_bias=25.00
SELL,20260401_140705,SELL_PE,SELL_PE,2026-04-01 14:07:05,2026-04-01 14:11:05,4,22700,2026-04-28,22724.25,0.7008,47.9,TRAIL_PROFIT 255.00,227.5,22729.35,0.6723,39.8,482.5,255.0,5,entry_d=0.701;exit_d=0.672;entry_bias=47.90;exit_bias=39.80
BUY,20260401_151105,SELL_PE,SELL_PE,2026-04-01 15:11:05,2026-04-01 15:17:05,6,22700,2026-04-28,22680.45,0.387,37.95,TREND_WEAK d=0.20,-110.0,22675.15,0.202,19.75,82.5,192.5,10,entry_d=0.387;exit_d=0.202;entry_bias=37.95;exit_bias=19.75
SELL,20260401_151105,SELL_PE,SELL_PE,2026-04-01 15:11:05,2026-04-01 15:17:05,6,22700,2026-04-28,22680.45,0.387,37.95,TREND_WEAK d=0.20,-57.5,22675.15,0.202,19.75,5.0,62.5,10,entry_d=0.387;exit_d=0.202;entry_bias=37.95;exit_bias=19.75
BUY,20260402_100016,SELL_CE,SELL_CE,2026-04-02 10:00:16,2026-04-02 10:02:05,2,22200,2026-04-28,22206.85,0.4463,-40.35,HARD_STOP -775.00,-775.0,22228.5,0.6079,-56.05,0,775.0,10,entry_d=0.446;exit_d=0.608;entry_bias=-40.35;exit_bias=-56.05
SELL,20260402_100016,SELL_CE,SELL_CE,2026-04-02 10:00:16,2026-04-02 10:14:05,14,22200,2026-04-28,22206.85,0.4463,-40.35,BREAKEVEN_LOCK 17.50,17.5,22213.5,0.3382,-22.2,492.5,475.0,5,entry_d=0.446;exit_d=0.338;entry_bias=-40.35;exit_bias=-22.20
BUY,20260402_103405,SELL_PE,SELL_PE,2026-04-02 10:34:05,2026-04-02 10:38:05,4,22200,2026-04-28,22211.95,0.3434,25.55,TREND_WEAK d=0.13,170.0,22222.1,0.1337,9.45,170.0,0.0,5,entry_d=0.343;exit_d=0.134;entry_bias=25.55;exit_bias=9.45
SELL,20260402_103405,SELL_PE,SELL_PE,2026-04-02 10:34:05,2026-04-02 10:38:05,4,22200,2026-04-28,22211.95,0.3434,25.55,TREND_WEAK d=0.13,157.5,22222.1,0.1337,9.45,157.5,0.0,5,entry_d=0.343;exit_d=0.134;entry_bias=25.55;exit_bias=9.45
BUY,20260402_105805,SELL_PE,SELL_PE,2026-04-02 10:58:05,2026-04-02 11:02:05,4,22250,2026-04-28,22237.05,0.4083,24.6,BREAKEVEN_LOCK -35.00,-35.0,22235.45,0.2005,12.75,290.0,325.0,10,entry_d=0.408;exit_d=0.200;entry_bias=24.60;exit_bias=12.75
SELL,20260402_105805,SELL_PE,SELL_PE,2026-04-02 10:58:05,2026-04-02 11:02:05,4,22250,2026-04-28,22237.05,0.4083,24.6,TREND_WEAK d=0.20,130.0,22235.45,0.2005,12.75,147.5,17.5,5,entry_d=0.408;exit_d=0.200;entry_bias=24.60;exit_bias=12.75
BUY,20260402_114906,SELL_PE,SELL_PE,2026-04-02 11:49:06,2026-04-02 12:00:18,11,22250,2026-04-28,22247.3,0.6041,38.3,TRAIL_PROFIT 440.00,1112.5,22282.45,0.7432,56.15,1552.5,440.0,5,entry_d=0.604;exit_d=0.743;entry_bias=38.30;exit_bias=56.15
SELL,20260402_114906,SELL_PE,SELL_PE,2026-04-02 11:49:06,2026-04-02 12:00:18,11,22250,2026-04-28,22247.3,0.6041,38.3,TRAIL_PROFIT 607.50,1127.5,22282.45,0.7432,56.15,1735.0,607.5,5,entry_d=0.604;exit_d=0.743;entry_bias=38.30;exit_bias=56.15
BUY,20260402_122305,SELL_CE,SELL_CE,2026-04-02 12:23:05,2026-04-02 12:27:05,4,22250,2026-04-28,22249.7,0.8008,-50.45,TREND_WEAK d=0.25,-335.0,22279.2,0.2471,15.9,7.5,342.5,10,entry_d=0.801;exit_d=0.247;entry_bias=-50.45;exit_bias=15.90
SELL,20260402_122305,SELL_CE,SELL_CE,2026-04-02 12:23:05,2026-04-02 12:27:05,4,22250,2026-04-28,22249.7,0.8008,-50.45,HARD_STOP -807.50,-807.5,22279.2,0.2471,15.9,0,807.5,10,entry_d=0.801;exit_d=0.247;entry_bias=-50.45;exit_bias=15.90
BUY,20260402_131905,SELL_PE,SELL_PE,2026-04-02 13:19:05,2026-04-02 13:26:05,7,22400,2026-04-28,22386.65,0.6813,61.45,TRAIL_PROFIT 295.00,1202.5,22429.4,0.3373,26.6,1497.5,295.0,5,entry_d=0.681;exit_d=0.337;entry_bias=61.45;exit_bias=26.60
SELL,20260402_131905,SELL_PE,SELL_PE,2026-04-02 13:19:05,2026-04-02 13:32:05,13,22400,2026-04-28,22386.65,0.6813,61.45,TRAIL_PROFIT 612.50,1760.0,22462.6,1.4041,127.35,2372.5,612.5,5,entry_d=0.681;exit_d=1.404;entry_bias=61.45;exit_bias=127.35
BUY,20260402_140105,SELL_PE,SELL_PE,2026-04-02 14:01:05,2026-04-02 14:07:05,6,22550,2026-04-28,22544.7,0.7666,56.0,TRAIL_PROFIT 262.50,215.0,22546.45,0.2174,19.4,477.5,262.5,5,entry_d=0.767;exit_d=0.217;entry_bias=56.00;exit_bias=19.40
SELL,20260402_140105,SELL_PE,SELL_PE,2026-04-02 14:01:05,2026-04-02 14:04:05,3,22550,2026-04-28,22544.7,0.7666,56.0,TREND_WEAK d=0.28,-232.5,22543.35,0.2786,24.2,0,232.5,10,entry_d=0.767;exit_d=0.279;entry_bias=56.00;exit_bias=24.20
BUY,20260402_144506,SELL_CE,SELL_CE,2026-04-02 14:45:06,2026-04-02 14:47:06,2,22600,2026-04-28,22577.65,0.8392,-77.0,HARD_STOP -1030.00,-1030.0,22631.15,0.2133,-19.95,0,1030.0,10,entry_d=0.839;exit_d=0.213;entry_bias=-77.00;exit_bias=-19.95
SELL,20260402_144506,SELL_CE,SELL_CE,2026-04-02 14:45:06,2026-04-02 14:47:06,2,22600,2026-04-28,22577.65,0.8392,-77.0,HARD_STOP -1327.50,-1327.5,22631.15,0.2133,-19.95,0,1327.5,10,entry_d=0.839;exit_d=0.213;entry_bias=-77.00;exit_bias=-19.95
BUY,20260402_150305,SELL_PE,SELL_PE,2026-04-02 15:03:05,2026-04-02 15:14:05,11,22650,2026-04-28,22664.15,0.3455,35.1,TRAIL_PROFIT 370.00,1060.0,22749.2,1.1004,134.3,1430.0,370.0,5,entry_d=0.345;exit_d=1.100;entry_bias=35.10;exit_bias=134.30
SELL,20260402_150305,SELL_PE,SELL_PE,2026-04-02 15:03:05,2026-04-02 15:18:05,15,22650,2026-04-28,22664.15,0.3455,35.1,TRAIL_PROFIT 455.00,2195.0,22754.85,0.8274,100.4,2650.0,455.0,5,entry_d=0.345;exit_d=0.827;entry_bias=35.10;exit_bias=100.40
BUY,20260406_094511,SELL_CE,SELL_CE,2026-04-06 09:45:11,2026-04-06 09:52:05,7,22600,2026-04-28,22617.05,0.5528,-68.85,TRAIL_PROFIT 307.50,1020.0,22585.5,0.3338,-35.2,1327.5,307.5,5,entry_d=0.553;exit_d=0.334;entry_bias=-68.85;exit_bias=-35.20
SELL,20260406_094511,SELL_CE,SELL_CE,2026-04-06 09:45:11,2026-04-06 09:52:05,7,22600,2026-04-28,22617.05,0.5528,-68.85,TRAIL_PROFIT 380.00,755.0,22585.5,0.3338,-35.2,1135.0,380.0,5,entry_d=0.553;exit_d=0.334;entry_bias=-68.85;exit_bias=-35.20
BUY,20260406_101506,SELL_PE,SELL_PE,2026-04-06 10:15:06,2026-04-06 10:19:05,4,22650,2026-04-28,22663.9,0.9677,88.45,HARD_STOP -880.00,-880.0,22624.65,0.542,53.55,117.5,997.5,10,entry_d=0.968;exit_d=0.542;entry_bias=88.45;exit_bias=53.55
SELL,20260406_101506,SELL_PE,SELL_PE,2026-04-06 10:15:06,2026-04-06 10:19:05,4,22650,2026-04-28,22663.9,0.9677,88.45,HARD_STOP -790.00,-790.0,22624.65,0.542,53.55,0,790.0,10,entry_d=0.968;exit_d=0.542;entry_bias=88.45;exit_bias=53.55
